graph_type,n_left,n_right,num_vertices,num_edges,density,average_degree,max_degree,degree_variance,degree_gini,param,trial,seed,optimal_size,greedy_size,random_greedy_size,modern_estimate,modern_mu1,modern_mu2,selected_case,M_size,Mprime_estimate,B1_estimate,B2_estimate,unmatched_num_vertices,copied_num_vertices,case1_copied_num_vertices,case2_copied_num_vertices,epsilon,k,sparsify_c,greedy_ratio,random_greedy_ratio,modern_ratio,modern_error,modern_relative_error,t_greedy,t_random_greedy,t_modern,t_hopcroft
er,20,20,40,20,0.05,1.0,2,0.45,0.3487500000000001,0.05,0,20050787,13,12,12,13.0,13.0,9.64742346096358,case1,13,0.0,0.0,19.624657002257702,14,140,140,244,0.5,4,47,0.9230769230769231,0.9230769230769231,1.0,0.0,0.0,5.1000097300857306e-06,2.900007530115545e-06,0.0030097999988356605,0.0004487999976845458
powerlaw,20,20,40,20,0.05,1.0,6,2.55,0.7312500000000002,0.05,0,20050787,6,4,5,5.0,5.0,4.232829305577105,case1,5,0.0,0.0,12.591544419476246,30,300,300,340,0.5,4,47,0.6666666666666666,0.8333333333333334,0.8333333333333334,-1.0,-0.16666666666666666,1.7999991541728377e-06,1.3999961083754897e-06,0.002741600008448586,9.270000737160444e-05
sqrtreg,20,20,40,100,0.25,5.0,7,0.75,0.08425000000000016,0.0,0,20000787,20,18,18,18.0,18.0,14.05216291106317,case1,18,0.0,0.0,33.87631263139677,4,40,40,184,0.5,4,47,0.9,0.9,0.9,-2.0,-0.1,4.5000051613897085e-06,3.7999998312443495e-06,0.005453599995234981,0.00010429999383632094
